package_name,prefix,version,file_count
,1.005,1,0
,,15,0
A1BF RESPONSE TIME,A1BF,Response Time Monitor for MSM,0
A1BH TRANSACTION,A1BH,A1BH TRANSACTION COLLECTION,0
ABS2,ABS2,PATCH ABSV*4*6 INITS,0
ACCOUNTS RECEIVABLE,PRCA,FMS,21
ADP MODULE,PRAP,Computerized ADP Plans (PLANMAN),0
ADP PLANNING (PLANMAN),PRAP,,0
ADVANCED MEDICATION PLATFORM,PREA,This application is a front end GUI for VA Pharmacists.,0
ADVERSE REACTION TRACKING,GMRA,Adverse Reaction Tracking package,5
ADXT,ADXT,FOR DIFROM OF ADXT FILES,0
AICS PACKAGE INTERFACES,IBDP,Needed for installation of AICS package interfaces.,0
AISC GEC 290,GECR,AISC GENERIC CODE SHEET 290,0
ALBANY UPDATE,UD,USED WITH 'UPDATE' ROUTINE TO TRANSFER TEMPLATES,0
AMIE 1.5 PATCH MINI INIT,DVBA,This is a mini int to patch AMIE templates.,0
AMIE ZIP+4 PATCH,DVBD,This Mini-Init will carry a change to a FileMan template.,0
AMIS/CAP,LRLS,,0
ANATOMIC PATH DESCRIPTIONS,LRAD,,0
AR NATIONAL DATABASE,RCNR,Accounts Receivable National Data Base,0
AR V3.7 PRE-INSTALL,PRYZ,AR V3.7 PRE CONVERSION,0
AR/WS PATCH NAMESPACE,PSW,AR/WS PATCH NAMESPACE,0
ASISTS,OOPS,Automated Safety Incident Surveillance Tracking System,0
AUTHORIZATION/SUBSCRIPTION,USR,User Authorization,0
AUTO REPLENISHMENT/WARD STOCK,PSGW,A method of drug distribution and inventory management.,1
AUTOMATED INFO COLLECTION SYS,IBD,The utilities for generating a paper encounter form.,14
AUTOMATED LAB INSTRUMENTS,LA,Lab Auto-Instrument Package,5
AUTOMATED MED INFO EXCHANGE,DVBA,The entire AMIE package 7131/2507.,10
Allergy Tracking System,GMAA,Used for Allergy Tracking System V3 Patch 15,0
BAR CODE MED ADMIN,PSB,BAR CODE MEDICATION ADMINISTRATION,0
BENCHMARKING,BM,,0
BENEFICIARY TRAVEL,DGBT,Beneficiary Travel,6
BLOOD BANK DESCRIPTIONS,LRBD,,0
CAPACITY MANAGEMENT,KMP,Capacity and resource measurements for software & hardware,0
CAPACITY MANAGEMENT - RUM,KMPR,,0
CAPACITY MANAGEMENT TOOLS,KMPD,Capacity Management Tools,0
CARE MANAGEMENT,ORRC,Care Mgt Modules,0
CAS PACKAGE,CAS,,0
CAW FILE,CAW,DG GECS TEMPLATES,0
CHARGE OUT/TRANS RETIRE LIST,RTYB,This includes the template RT CHARGE  ,0
CLASSMAN,KLAS,CLASSMAN containing Classroom and Slide Show software,0
CLINICAL CASE REGISTRIES,ROR,CLINICAL REGISTRIES,0
CLINICAL DECISION SUPPORT PLATFORM,CDSP,Clinical Decision Support Platform,0
CLINICAL INFO RESOURCE NETWORK,RG,CIRN,0
CLINICAL LEXICON UTILITY,GMPT,Medical and biomedical terminology system.,15
CLINICAL MONITORING SYSTEM,QAM,Allows users to build their own monitors.,9
CLINICAL PROCEDURES,MD,Clinical Procedures,0
CLINICAL REMINDERS,PXRM,Clinical Reminders,0
CMOP,PSX,CMOP,0
COMMUNITY RESOURCE MODULE,SWBH,,0
COMP AND PEN EXAM,DVBC,COMPENSATION AND PENSION EXAM,0
COMPUTER AIDED INSTRUCTION,QU,,0
CONSULT/REQUEST TRACKING,GMRC,CONSULTS/REQUESTS,2
CONTINUING EDUCATION,CE,,0
"CONTRACT NURSING HOME, SW",SWFG,CONTRACT NURSING HOME COST CONTROL,0
CONTROLLED SUBSTANCES,PSD,Controlled Substances Inventory and Tracking module.,11
CONTROLLED SUBSTANCES PATCH,PSD1,Controlled Substances Patch,0
CPT/AMB PROCEDURE UPDATE,DGYA,CPT/Ambulatory Procedure Update,1
CPT/HCPCS CODES,ICPT,ICPT/HCPCS CODES,0
CREDENTIALS TRACKING,QAR,Credentials Tracking,1
CREDENTIALS TRACKING FSMB PTCH,QARF,QAR*2*8,0
CW GUIMail,CWMA,CW GUIMail,0
Consult/Request Tracking,GMRS,GMRC*2.5*8 fixes 3 inputs transforms on file 123.5,0
DENA,DENA,This will restores the Dental Screens,0
DENB,DENB,Mini-inits for patch 19.,0
DEND,DEND,This is associated with Dental patch 17.,0
DENG,DENG,This is patch 18.,0
DENTAL,DENT,NATIONAL DENTAL PACKAGE,12
DGY1 DG*5.3*60,DGY1,integ for dg*5.3*60,0
DGY3,DGY3,Network Health Exchange patch (Released via SF IRMFO),0
DGYB,DGYB,Used for Registration v5.3 Patch #6,0
DGYC,DGYC,Used for PIMS v5.3 Patch #1,0
DGYD,DGYD,Used for DG*5.3*9,0
DGYF CLAIM FOLDER LOCATION,DGYF,For use in DG*5.3*11 (CLAIM FOLDER LOCATION),0
DGYG BENE TRAVEL ACT PATCH,DGYG,Beneficiary travel account number patch,0
DGYG CO-PAY EXEMPTION PATCH,DGYG,Pharmacy Co-Pay Exemption Patch (MAS),0
DGYH,DGYH,DG*5.2*21 (Copy Financial Data) patch,0
DGYJ,DGYJ,Inits for Patch DG*5.2*24,0
DGYJ PATIENT LOOK-UP,DGYJ,Inits for Patch DG*5.3*32,0
DGYK ADT/R 10/1/94 MAINTENANCE,DGYK,"October 1, 1994 changes to ADT/R",0
DGYN,DGYN,Patch DG*5.3*36,0
DGYO,DGYO,DG*5.3*37,0
DGYP,DGYP,Patch DG*5.3*68,0
DGYQ,DGYQ,Patch DG*5.3*41,0
DGYS - FOR PATCH DG*5.3*54,DGYS,DGYS - PACKAGE FOR DG*5.3*54 RELEASE,0
DGYU,DGYU,Inits for patch DG*5.3*58.,1
DGYW - For DG*5.3*65,DGYW,As described in patch DG*5.3*65,0
DGYX 10/1/95 PTF CENSUS UPDATE,DGYX,PTF Patient Census FY 1995 Closeout,0
DGYZ,DGYZ,GENERIC PATCH PACKAGE,0
DHCP,ZDH,,0
DIETETICS,FH,Dietetics System,44
DIETETICS PATCHES,FHY,Inits for Dietetic System patches,0
DIPK (PACKAGE FILE INIT),DIPK,FileMan Init of Package File,0
DISCHARGE SUMMARY,GMRD,Discharge Summary,0
DRG GROUPER,ICD,DRG GROUPER,3
DRUG ACCOUNTABILITY,PSA,Drug Accountability Inventory and Tracking module.,0
DSS EXTRACTS,ECX,Decision Support System. (DSS),0
DUE ENHANCEMENT PATCH,PSOD,,0
DVBB,DVBB,2507 EXAM look up,0
DVBQINIT FOR PATCH DVB*4*25,DVBQ,FOR PATCH DVB*4*25,0
DVBT ADD 2507 PAT TEMPLATE,DVBT,Mini-Init as part of AMIE patch DVBA*2.7*1,0
DVBZ,DVBZ,,0
Discharge Summary,GMRE,Patch GMRD*1.0*3 to support VBA,0
E CLAIMS MGMT ENGINE,BPS,ELECTRONIC CLAIMS MGT,0
ECG MUSE/DHCP INTERFACE,MC2E,ECG MUSE/DHCP INTERFACE INIT,0
EDR/VA ADMITTING REGULATIONS,DGYL,EDR UPDATE,0
EEO COMPLAINT TRACKING,EEO,EEO Complaint Tracking system,7
EEOA - For EEO*2*3,EEOA,INIT for install of patch EEO*2*3,0
EEOP,EEOP,Inits for EEO Patch *1*11,0
ELECTRONIC HEALTH MODERNIZATION,EHM,SPECIAL PROGRAMMING NEEDED FOR CONVERTED SITES,0
ELECTRONIC SIGNATURE,XOBE,Foundations electronic signature code utilities.,0
EMERGENCY DEPARTMENT,EDP,Emergency Department Information System,0
ENGINEERING,EN,AUTOMATED ENGINEERING MANAGEMENT SYSTEM,36
ENGINEERING (OLD VERSION),EM,"SLC EMIS: WORK ORDERS, PM",0
ENGINEERING ARCHIVING,ENAR,Engineering Archive,2
ENGINEERING TRAINING,ENTC,AEMS/MERS Equipment File Training,0
ENGINEERING WORK ACTIONS,ENWA,Standardized WORK ACTIONS,1
ENPL,ENPL,Patch EN*7*11,0
ENROLLMENT APPLICATION SYSTEM,EAS,ENROLLMENT,0
ENTERPRISE TERMINOLOGY SERVICE,ETS,Standardized terminology services,0
ENXC,ENXC,Engineering Patch 19 Package file entry,0
ENXD,ENXD,Engineering 7.0; PAtch 20; Equipment Export,0
ENXE,ENXE,Enhancement patch for faciliy consolidations.,0
ENXF,ENXF,Patch EN*7*23,2
ENXG,ENXG,Patch EN*7*25 FIXED ASSETS ENHANCEMENT PHASE I,5
ENXI,ENXI,Patch EN*7*29 FIXED ASSETS ENHANCEMENT PHASE II,7
ENXJ,ENXJ,Patch EN*7*30,0
ENXK,ENXK,PATCH EN*7*31 (PREPARATION FOR FIXED ASSETS ENHANCEMENT),0
ENYB,ENYB,EN*7*17 BERS SURVEY,0
EQUIPMENT LOG,A1AI,EQUIPMENT LOG FOR SITES IN REGION 1,0
EQUIPMENT/TURN-IN REQUIEST,PRCN,EQUIPMENT/TURN-IN REQUEST,0
EVENT CAPTURE,EC,Event Capture Workload Capture System,0
EVENT DRIVEN REPORTING,EDR,Occurence of events generates workload and other data,0
EXT REV TRACK,A1AX,TRACKING OF RECOMMENDATIONS AND ACTION PLANS,0
EXTENSIBLE EDITOR,RGED,Extensible Text Editor,0
EXTERNAL PEER REVIEW,QIE,OPTIONS FOR EPRP,0
FEE BASIS,FB,Used to pay private vendors,33
FEE BASIS CLAIMS SYSTEM,DSIF,"FEE BASIS CLAIMS SYSTEM, DSS",0
FILEMAN DELPHI COMPONENTS,FMDC,,0
FISCAL,FX,,0
FOUNDATIONS,XOBU,Foundations,0
FSMB SCREENING,A3F,Tracking system for licensure screening requests.,0
FUNCTIONAL INDEPENDENCE,RMIM,RMIM,0
FUND CONTROL POINT,FI,HANDLES FUND CONTROL POINT TRANSACTIONS FOR VAMC,0
GAME,GX,GAMES TO DEMONSTRATE COMPUTER AND TERMINAL,0
GEC*2*6,GECD,GEC*2*6 PATCH,0
GECB,GECB,GENERIC CODE SHEET PATCH,0
GECP,GECP,Generic Code Sheet V1.5 Patches,0
GECQ,GECQ,MINI-INIT FOR GENERIC CODE SHEET,0
GEN. MED. REC. - GENERATOR,GMRG,TEXT GENERATOR,3
GEN. MED. REC. - I/O,GMRY,Intake/Output Module of General Medical Record.,10
GEN. MED. REC. - VITALS,GMRV,Vitals/Measurements Module of General Medical Record.,0
GENERIC CODE SHEET,GEC,GENERIC CODE SHEET,9
GENERIC CODE SHEET PATCH,GECX,Generic Code Sheet Patch GEC*2*2,0
GENERIC INVENTORY PACKAGE,PRCP,Generic Inventory Package,12
GLOBAL MOVE,ZZMG,GLOBAL MOVE UTILITIES FOR MSM,0
GMRQ INACTIVATE PNS TITLES,GMRQ,For use with GMRP*2.5*23 (INACTIVATE PNS TITLES),0
GMRR PNS COSIGNATURE,GMRR,For use with GMRP*2.5*24 (COSIGNATURE ENHANCEMENTS),0
GMTS EXPORT,HSE,Health Summary Export,0
GRAPHICS,GR,,0
HBH PATCH 1 INITS,HBHY,DD corrections for HBHC patient file(631),1
HEALTH DATA & INFORMATICS,HDI,Data Standardization,0
HEALTH EVET,EVET,HEALTH EVET,0
HEALTH LEVEL SEVEN,HL,DHCP IMPLEMENTATION OF HEALTH LEVEL SEVEN,20
HEALTH MANAGEMENT PLATFORM,HMP,Access patient medical records from all VistA's,0
HEALTH SUMMARY,GMTS,Integrated Health Summary Tools,3
HEALTHEVET DESKTOP,XHD,HealtheVet Desktop,0
HELP PROCESSOR,XH,,0
HELP/.01/RT PARAMETERS,RTYA,HELP PROMPT .O1 OF 195.4,0
HERBAL/OTC/NON-VA MEDS,PSH,Non-VA Medications,0
HINQ,DVB,HINQ(Hospital Inquiry),7
HINQ ALERT patch,DVBX,HINQ ALERT PATCH,0
HINQ INPUT TEMPLATE CHANGE,DVBU,Change to DVBHINQ UPDATE Input Template,0
HINQ MAS 5.2 UPDATE,DVBY,Will change the hinq update template and print template,0
HINQ MAS 5.3 UPDATE,DVBW,Change to DVBHINQ UPDATE MAS 5.3,0
HINQ template update,DVBY,Will change the DVBHINQ UPDATE template,0
HIV OUTPATIENT SURVEY,HIVO,Package to collect ID of outpatients seen for HIV treatment,0
HIV OUTPATIENT TRACKING,HIVO,Package to collect ID of outpatients seen for HIV treatment,0
HONEYWELL CONVERSION,HN,,0
HOSPITAL BASED HOME CARE,HBH,HBH v1.0 Patch 4 w/Inits,1
IB 2.0 PATCH 27,IBYB,Updates the input template IB SCREEN7 for CHAMPVA billing.,0
IB ENCOUNTER FORM IMP/EXP,IBDE,The import/export utilities for encounter forms.,3
IB JOINT INQUIRY,IBJ,Third Party Inquiry and IB Site Parameters,0
IB PATCH 18,IBY6,"Patch 18, adding duplex printing for encounter forms.",1
IB PATCH 37,IBYG,PATCH 37 FOR IB 2.0,0
IB UNBILLED AMOUNTS PATCH,IBY8,UNBILLED AMOUNTS REPORT PATCH IB*2*19,1
IB V1.5 PATCH 6,IBY2,Package entry for patch IB*1.5*6.,0
IBQY - PATCH IBQ*1*1,IBQY,QM Rollup Patch IBQ*1*1,0
IBY4 RESET BILLABLE EVENTS,IBY4,Contains inits for IB*2*4.,0
IBY5 IVM SUPPORT PATCH,IBY5,Contains Inits for IB*2*6.,0
IBYA - PATCH IB*2*28,IBYA,Insurance Patch IB*2*28,0
IBYC - PATCH IB*2*34,IBYC,Copay Exemption Patch IB*2*34,0
IBYD - PATCH IB*2*44,IBYD,Clerk Productivity Report Patch IB*2*44,0
IBYE PATCH IB*2*40,IBYE,This patch will correct NOIS BUT-0795-20017,0
IBYF - PATCH IB*2*46,IBYF,Insurance Company Deletion Patch IB*2*46,0
IBYN - PATCH IB*2*59,IBYN,"Fix File #356.9, Inpatient Diagnosis",0
ICR - IMMUNOLOGY CASE REGISTRY,IMR,REGISTRY FOR HIV PATIENTS,0
IFCAP,PRC,IFCAP System Files,90
IFCAP ACCOUNTS RECEIVABLE,PRCZ,,0
IMAGE MULTIPLES IN LAB DATA,LR01,Image File Multiples in 63,0
IMAGING,MAG,,0
IMR2,IMR2,MOVE PATCH,0
INCIDENT REPORTING,QAN,This package is designed to track a hospital incident.,0
INCIDENT REPORTING PART TWO,QAN2,This package exports the 'Level Of Review' field.,0
INCIDENT REPORTING SUPPLEMENT,QAN1,This supplement to Incident Reporting package.,0
INCOME EXEMPTION PATCH,IBY3,"RX COPAYMENT EXEMPTION BASED ON INCOME, PATCH IB*1.5*9",0
INCOME VERIFICATION MATCH,IVM,IVM Software for interface with the IVM Center,8
INCOMPLETE RECORDS TRACKING,DGJ,IRT,0
INFORMATION MAPPING,MAP,INFO MAP,0
INPATIENT AUTO REPLENISH,PSGZ,,5
INPATIENT MEDICATIONS,PSJ,UNIT DOSE AND IVS,13
INPATIENT MEDS V4 PRE-RELEASE,PSJ4,PRE-RELEASE PACKET FOR INPATIENT MEDS VERSION 4,0
INSURANCE CAPTURE BUFFER,DSIV,INSURANCE CAPTURE BUFFER,0
INTEGRATED BILLING,IB,INTEGRATED BILLING,81
INTEGRATED BILLING PATCH,IBY1,PATCHES TO IB,0
INTEGRATED PATIENT FUNDS,PRPF,PATIENT FUNDS.  INTEGRATED WITH PATIENT FILE,6
INTERIM MANAGEMENT SUPPORT,ECT,Information for VAMC's management.,5
ISC TRAVEL,A1AT,TRAVEL PACKAGE FOR TROY ISC,0
ISC-ALBANY TEMPORARY,IBIZ,TEMPORARY INITS,0
ISI IMAGING,ISI,ISI Extensions for VistA IMAGING 3.0,0
IV MEDICATIONS,PSIV,,6
IVM PATCHES,IVMY,Patches to Income Verification Match,0
JOINT LEGACY VIEWER,JLV,Access patient medical records from all VistA's,0
KERNEL,XU,"SIGN-ON, SECURITY, MENU DRIVER, DEVICES, TASKMAN",33
KIDS,XPD,Kernel Installation & Distribution System,2
LAB MESSAGING,LA7,HL7 MESSAGING SYSTEM FOR LAB,3
LAB ORDER ENTRY,LRX,Order entry component of Lab,0
LAB SERVICE,LR,CORE LAB SYSTEM,52
LAB SITE CODE,LB,,0
LABORATORY ARCHIVING,LRAR,LABORATORY ARCHIVING,0
LEXICON UTILITY,LEX,Medical and Biomedical Terminology System.,0
LIBRARY,LBRY,LIBRARY SERIALS PACKAGE,0
LIBRARY,LBR,LIBRARY SERIALS PACKAGE,0
LIBRARY SERVICE,LBRY,LIBRARY SERIALS PACKAGE,0
LIGHTHOUSE,LHS,Lighthouse is an API platform,0
LINDA'S SPECIAL,ZZLL,Temp. File for Sending Templates,0
LIST MANAGER,VALM,List Manager Developer Tool,1
LONGVIEW,ZLV,Class III mods for creating test data for scheduling,0
LRBLSCREEN INPUT TEMPLATE,LR00,INPUT TEMPLATE LRBLSCREEN IN FILE 63,0
LRBLSCREEN INPUT TEMPLATE-2,LR03,Input template distribution,0
LRHA,LRHA,ANATOMIC PATH HELP FRAMES,0
LRHC,LRHC,CLINICAL LAB HELP FRAMES,0
LRHM,LRHM,MICRO HELP FRAMES,0
LRLD,LRLD,LAB DESCRIPTIONS (Replaced LRBL and LRAD init),0
Log4M,XTML,Log4M - A logger package similar to Log4J,0
MAILMAN,XM,"Electronic Mail, both local and networked",19
MAILMAN DOMAIN UPDATES,XMDB,RESERVED FOR MAILMAN DOMAIN PATCHES,0
MAS UPDATES,A1A3,MAS DD UPDATES/TEST SITES,0
MAS V5.0 PRE-PACKET,DGYP,Options necessary to prepare for installation of MAS v5.0.,0
MASH UTILITIES,%u,Utilities associated with the M Advanced Shell,0
MASTER PATIENT INDEX VISTA,MPIF,Master Patient Index VistA side,0
MCBI,MCB,Fix Input transform,0
MCCR NATIONAL DATABASE - FIELD,PRQS,MCCR DATA COLLECTION FIELD COMPONENT,0
MCEI,MCE,Clean-up Hematology,0
MCFI,MCF,MC*2*26 Holter report fix,0
MCXX,MCXX,Updates to the PTF file,0
MDRO INITIATIVE REPORTS,MMRS,MRSA PREVENTION INITIATIVE,0
MEDICAL HEALTH ESCREENING,MHE,MEDICAL HEALTH ESCREENING APPLICATION PROXY,0
MEDICAL RECORD TRACKING,DT,,0
MEDICINE,MC,MEDICINE PACKAGE INCLUDES ALL AREAS OF MEDICINE,15
MEDICINE-2,MC2,PART 2 OF MEDICINE PACKAGE,18
MEDICINE-LAB DATA,MCL,SUBPIECE OF MEDICINE INCL. LAB INFO,0
MEDICINE/CARDIOLOGY,MCAR,Cardiology/Medical Package,35
MENTAL HEALTH,YS,Version 5.01 of Mental Health,25
MENU DRIVER,XQ,"MENU SYSTEM FOR KERNEL (""FLAT"" OPTION FILE)",2
MICOM,CUAA,MICOM SOFTWARE,0
MINIMAL PATIENT DATASET,VAM,MPD,0
MKUTL,MK,TRANSPORT,0
MSM CAPACITY MANAGEMENT,XUCS,CAP. MANAGEMENT - MSM,2
My HealtheVet,MHV,Support for My HealtheVet web site.,0
NATIONAL DRUG FILE,PSN,This is the National Drug File Package V 3.14,9
NATIONAL HEALTH INFO NETWORK,NHIN,NATIONAL HEALTH INFORMATION NETWORK ADAPTER,0
NATIONAL LABORATORY TEST,NLT,National Laboratory Test file of terms.,0
NDBI,A7R,Software to support integrated sites.,0
NETWORK HEALTH EXCHANGE,AFJX,Requests Total and Pharmacy Health Summary Data,4
NEW PERSON,A4A7,,0
NEW PERSON .01 UPDATE,A6K7,,0
NOIS,FSC,Problem Tracking,0
NUCLEAR MEDICINE,NM,,0
NURSING ADMINISTRATION,NURA,NURSING ADMINISTRATION,14
NURSING CLINICAL,NURC,NURSING CLINICAL,1
NURSING EDUCATION,NURE,NURSING EDUCATION,0
NURSING FIXES,NURX,Fixes to current Nursing release,1
NURSING QA,NURQ,"NURSING,QUALITY ASSURANCE 10 STEP EDIT AND PRINT",4
NURSING SERVICE,NUR,Nursing Service General Module,11
NUTRITION,NU,LUSHENE,0
Nursing Patches,NURX,Patches for Nursing,0
OCCURRENCE SCREEN,QAO,OCCURRENCE SCREENING VERSION 3.0,14
OCOLOGY PATCH ONC*2.11*1,ONCZ,This patch will make Oncology compliant with ROADS 96.,0
OFFICE AUTOMATION,OA,Office Automation Package,0
OFFICE OF INSPECTOR GENERAL,IGZ,IG PRINT TEMPLATES,0
OKC PATIENT LOOKUP,UP,OKC,0
OKC SYSTEM MANAGMENT,UT,,0
OKC TASK-MANAGER QUEUEING,UQ,,0
OKC USER ACCESS,US,OKC,0
ONC*2*4 PATCH INITS,ONC4,ROUTINES FOR ACOS CALL FOR DATA,0
ONC2,ONC2,ONCOLOGY V2 PATCH 2,0
ONCOLOGY,ONC,Oncology treatment tracking & tumor registry package.,27
ONCOLOGY V2-PATCH,ONC1,PATCH for ONCOLOGY V2,0
OP PHARMACY WITH VA CLASS,PSOC,Partial release to install VA Class,0
OPERATION DESERT SHIELD,A1B2,ODS Patient Locator System (local),10
OPERATION LOG (SURGERY),SG,,0
ORDER ENTRY/RESULTS REPORTING,OR,Order Entry/Results Reporting,16
OS-OPENM,OSI,This is a place-holder for OpenM information patches,0
OUTPATIENT PATCH (PSO*6*126),PSOY,One Year Life of Prescription Enhancement,0
OUTPATIENT PATCH (PSO*6*136),PSOB,This is for patch PSO*6*136,0
OUTPATIENT PATCH (PSO*6*137),PSOG,Inits for input and print templates for CMOP.,0
OUTPATIENT PATCH (PSO*6*148),PSOC,PSO*6*148,0
OUTPATIENT PATCH (PSO*6*15),PSOD,This namespace is used to install patch PS*6*15.,0
OUTPATIENT PATCH (PSO*6*22),PSOA,Patient charges for window rxs,0
OUTPATIENT PATCH (PSO*6*35),PSOL,ENHANCEMENT PATCH,0
OUTPATIENT PHARMACY,PSO,"OUTPATIENT LABELS, PROFILE, INVENTORY, PRESCRIPTIONS",15
"OUTPATIENT PHARMACY 4"" LABEL",PSL,THIS RELEASE CONTAINS THE PATCH FOR THE 4 INCH LABEL,0
OUTPATIENT PHARMACY ARCHIVING,PSOA,,1
PACEMAKER FOLLOWUP,PC,,0
PAID,PRS,PAID,30
PAID MINI-INIT,PRS1,Routines to modify File 450.,0
PAID MINI-INIT (2),PRS2,Output transform modification,0
PAID MINI-INIT (3),PRS3,FLSA Changes,0
PATCH DG*5.3*45,DGYR,PATCH DG*5.3*45,0
PATCH IB*2*22,IBY9,Patch for encounter form utility bugs.,0
PATCH PRC*3.5*74,PRYF,AMIS SEG & REPORTS,0
PATIENT ADDRESS COLLECTION,A1BG,Used to collect patient address information.,0
PATIENT ASSESSMENT DOCUM,NUPA,Nursing Admission Assessment,0
PATIENT DATA EXCHANGE,VAQ,Module used to manage patient information exchange,18
PATIENT FEEDBACK,A4A8,Patient Feedback,0
PATIENT FILE,DPT,FILE 2,5
PATIENT FUNDS ACCOUNTING,PF,"REPLACES LEDGER CARDS, ETC",0
PATIENT FUNDS FOR V5,PRPX,PATIENT FUNDS UPDATE FOR V 5 OF MAS,0
PATIENT FUNDS PATCH,ZPRP,INITS FOR PATIENT FUNDS PATCH,0
PATIENT REPRESENTATIVE,QAC,PATIENT REPRESENTATIVE PACKAGE,0
PATIENT TEXT,PTX,"PATIENT TEXT, PROGRESS NOTES, ETC",0
PATIENT VISIT,PV,,0
PATIENT WRISTBAND,DGPW,PATIENT WRISTBAND SOFTWARE,0
PCE PATIENT CARE ENCOUNTER,PX,Patient Care Encounter,0
PHARMACY,PS,"OUTPATIENT LABELS, PROFILE, INVENTORY, PRESCRIPTIONS",15
PHARMACY BENEFITS MANAGEMENT,PSU,PHARMACY BENEFITS MANAGEMENT,0
PHARMACY DATA MANAGEMENT,PSS,Maintenance of Pharmacy files.,0
PHARMACY PRESCRIPTION PRACTICE,PPP,3P,0
PIMS V5.3 PRE-PACKET,DGYP,Options necessary to prepare for installation of PIMS v5.3.,0
POLICE & SECURITY,ES,POLICE & SECURITY PACKAGE,17
PPP PATCH,PPPA,Patch for consolidated sites.,0
PRC*3.5*61,PRYE,PRC*3.5*61,0
PRMR,PRMR,,0
PROBLEM LIST,GMPL,Automated Patient Problem List,7
PROGRESS NOTES,GMRP,Progress Notes,0
PROSTHETICS,RMPR,PROSTHETICS VERSION 3.0 ALPHA,23
PRS PATCH 6,PRSX,Patches for Paid,0
PRSE FIXES,PRSX,Patches for Employee Education Tracking Module.,0
PRXF,PRXF,Input Templates for 410,0
PRXI,PRXI,'OVERAGE REPORT' SORT AND PRINT TEMPLATES,0
PRXJ,PRXJ,FOOD GROUP X-REF UPDATING,0
PRXK,PRXK,GIP Patch PRC*5*38,0
PRXP,PRXP,  ,0
PRYG,PRYG,Patch PRCA*4*17,0
PRYH,PRYH,Print template inits for PRCA*4.5*12,0
PRYY,PRYY,AR V3.7 CALM FUND CONVERSION,0
PSD2,PSD2,CS Green Sheet Patch,0
PSIU,PSIU,SETS UP `APPLICATION PACKAGES' FIELD IN DRUG FILE.,0
PSJ1 (PSJ*4.5*3),PSJ1,Used to export PSJ*4.5*3,0
PSOE (PSO*6*74),PSOE,Patch PSO*6*74,0
PSOH,PSOH,PSO*6*138 DD update,0
PSOJ,PSOJ,PATCH PSO*6*145 QTY FIELD MODIFICATION,0
PSOL,PSOL,MODS FOR CLOZARIL,0
PSW1 (PSGW*2.3*3),PSW1,PSGW*2.3*3,0
PSYCHODIAGNOSTICS,YT,PSYCHODIAGNOSTIC PROGRAMS,0
PTF/DRG,IC,,1
Problem List,GMP1,For use with GMP*2*3 (Problem List Allocation Errors),0
Progress Notes,GMN5,FOR USE W/GMRP*2.5*42 REQ COSIG ENHANCEMENT,0
QAN-PATCH QAN*2*23,QANY,Init for patch 23.,0
QAR NATIONAL SERVICE,QAR2,INIT FOR FILE #730(NATIONAL SERVICE),0
QAR NEW PERSON PARTIAL,QAR1,THE PARTIAL INIT FOR FILE #200 (NEW PERSON),0
QARY,QARY,Modify template & Foreign file entries,0
QUALITY ASSURANCE INTEGRATION,QAQ,UTILITIES USED IN ALL QUALITY ASSURANCE MODULES,1
QUALITY IMPROVEMENT CHECKLIST,QIP,Quality Improvement Checklist and Process,0
QUASAR,ACKQ,Quality: Audiology and Speech Pathology Audit and Review,0
RAAC,RAAC,Third patch init for version 4 of radiology,0
RADIATION SAFETY,RS,,0
RADIOLOGY PATCH 23,RAAE,Convert REQUESTING PHYSICIAN fields to File 200,0
RADIOLOGY PATCH INIT2,RAAB,TEMPORARY ENTRY FOR PATCH,0
RADIOLOGY PATCH INIT4,RAAD,RADIOLOGY PATCH INIT #4,0
RADIOLOGY PATCH18 INIT,RAAF,File 70 DD changes,0
RADIOLOGY/NUCLEAR MEDICINE,RA,"REGISTERS PATIENTS,RECORDS EXAMS,PROFILES,AMIS REPORTS",24
REAL TIME LOCATION SYSTEM,VIAA,REAL TIME LOCATION SYSTEM,0
RECORD TRACKING,RT,Medical Records and Film Jacket Tracking,13
RECORD TRACKING SORT GLOBAL,RTY,File 194.3 to replace sort global,1
REGISTRATION,DG,"PATIENT REGISTRATION, ADMISSION, DISCHARGE, EMBOSSER ",89
REHAB MEDICINE,RM,,0
RELEASE OF INFORMATION - DSSI,DSIR,RELEASE OF INFORMATION - DSSI,0
REMOTE ORDER/ENTRY SYSTEM,RMPF,Remote Order/Entry System,14
RMPJ,RMPJ,RMPF*1.1*9,0
RMPS,RMPS,Prosthetics Version 1.5 Patch #4 Multi Divisonal sites.,1
ROES PATCH RMPF*1.1*6,RMPC,U...,0
RPC BROKER,XWB,Remote Procedure Call Broker,0
RT PATCH 23,RTYD,PATCH RT*2*23,0
RTYC INIT FOR RT*2*22,RTYC,Per patch RT*2*22,0
RUN TIME LIBRARY,RGUT,RUN TIME LIBRARY,0
RURAL HEALTH,RH,,0
SAGG PROJECT,KMPS,,0
SCHEDULING,SD,"APPOINTMENTS,PROFILES,LETTERS,AMIS REPORTS",22
SCHEDULING CALENDAR VIEW,MBAA,Mobile Application for Scheduling Calendar View,0
SCHEDULING MAINTENANCE 10/1/94,SDYM,Maintenance Update,0
SCREEN HANDLER FOR FILEMAN,DJ,SCREEN HANDLER FOR THE FILE MANAGER,2
SCREEN HANDLING FOR FILEMAN,DJ,,0
SDAC,SDAC,Enhancement to flag possible C&P's for computer generated,0
SDYA WAITING TIME REPORT,SDYA,APPOINTMENT WAITING TIME REPORT,0
SDYN FOR PATCH SD*5.3*28,SDYN,Data dictionary updates required by patch ,0
SDYP PRIMARY CARE FIELDS,SDYP,Support for local mods for primary care.,1
SDYS,SDYS,Used for patch SD*5.3*36.,0
SHIFT CHANGE HANDOFF TOOL,CRHD,CAIRO PRODUCT CONVERSION TO CLASS I PRODUCT,0
SOCIAL WORK,SOW,Files and fields for the Social Work Package,1
SOCIAL WORK 95 CDC ACCOUNTS,SOWA,Social Work CDC Account changes to file 651.,0
SOCIAL WORK FILE 651,SOWC,These init's are used to populate the 651 file.,0
SOCIAL WORK PATCH,ZZSW,PATCH FOR SOCIAL WORK VERSION 2.06,0
SPINAL CORD DYSFUNCTION,SPN,"SPINAL CORD DYSFUNCTION, FIELD COMPONENT",0
SPOOL,SP,SPOOL,0
SUPPLY,SU,"2138 P.O. PREPARATION, REPORTS",3
SURGERY,SR,SURGICAL DATA COLLECTION AND OPERATIONS SCHEDULING,28
SURGERY PATCH SR*3*38,SROA,"Surgery Patch SR*3*38 - Risk Assessment, Phase III",0
SURGERY STAFF/RESIDENT,SRRS,Staff/Resident field addition,0
SURVEY GENERATOR,QAP,Generates surveys and allows participation in them.,4
TASK-MANAGER QUEUEING,ZT,,0
TEMPORARY,Z,,0
TEXT INTEGRATION UTILITIES,TIU,Text Integration Utilities ,0
TOOLKIT,XT,"PROGRAMMERS OPTIONS, MULTI. TERM LOOKUP",7
TREATING SPECIALTY INACT,DGYV,Patch DG*5.3*64,0
TUMOR REGISTRY,TR,DISTASO,0
TUMOR REGISTRY,TU,,0
UB-82 BILLING,DGCR,MCCR (UB-82) Billing Module,5
UNIT DOSE MARs,PSGM,7 and 14 day MARs for UNTI DOSE 2.13,0
UNIT DOSE MEDICATIONS,PSG,UNIT DOSE PHARMACY,11
UNWINDER,XQOR,Routines for navigating the Protocol file.,0
UTILITIES,%Z,MGR ROUTINES,0
UTILIZATION MANAGEMENT ROLLUP,IBQ,,0
UTILIZATION MGMT ROLLUP LOCAL,IBQL,Rollup from Hospital Review and Claims Tracking files.,1
UTILIZATION REVIEW,PRMQ,REVIEW CARE OF PATIENTS WHILE HOSPITALIZED,2
VA CERTIFIED COMPONENTS - DSSI,DSIC,"DSS, Inc VA Certified Kernel Components",0
VA FILEMAN,DI,FM INIT,0
VBECS,VBEC,VistA Blood Establishment Computer System,0
VDEF,VDEF,VISTA Data Extraction Framework,0
VENDOR - DOCUMENT STORAGE SYS,VEJD,"VA Certified Routines and RPCs for DSS, INC",0
VETERANS ADMINISTRATION,VA,VA CORE FILES,0
VETERANS DATA INTEGRATION AND FEDERATION,VDI,VDIF Enterprise Platform,0
VIRTUAL PATIENT RECORD,VPR,Utilities to manage a virtual copy of the patient record,0
VISICALC,VC,ROW/COLUMN WORKSHEET,0
VISIT RECORD,VR,,0
VISIT TRACKING,VSIT,"Visit tracking module, VSIT namespace.",0
VISTA INTEGRATION ADAPTER,VIAB,VIAB APP,0
VISTA SYSTEM MONITOR,KMPV,VistA System Monitor is a set of CP monitoring tools.,0
VISTA WEB,WEBV,VISTA WEB,0
VISTALINK,XOBV,VistaLink,0
VISTALINK SECURITY,XOBS,SECURITY SUBSYSTEM FOR VISTALINK,0
VISUAL IMPAIRMENT SERVICE TEAM,ANRV,VIST Roster with patient data and AMIS report.,0
VOLUNTARY TIMEKEEPING,ABSV,,0
VOLUNTARY TIMEKEEPING,ABSV,VOLUNTARY TIMEKEEPING,0
VOLUNTARY TIMEKEEPING PATCH,ABS1,PACKAGE FOR VOL TIMEKEEPING PATCHES,0
VPE SHELL,XVVM,Victory Programmer Environment,5
VPS KIOSK,VPS,RPC components that support VPS Kiosk.,0
WEB SERVICES CLIENT,XOBW,Allows VistA applications access to remote web services,0
WEB VISTA REMOTE ACCESS MANAGEMENT,WEBG,WebVRAM is a tool to help CLAIMS users access VistA systems,0
WOMEN'S HEALTH,WV,Tracks health issues specific to female patients.,0
WORD PROCESSOR,WP,ISM MULTI-WORD,0
WOUNDED INJURED ILL WARRIORS,WII,Active duty patients admissions and discharges.,0
XMYB,XMYB,All VA Mail Boxes Broadcast,0
YS*5.01*10 (MENTAL HEALTH),YSA,YS*5.01*10,0
ZPEH,A2AP,WASH ISC PATCH CHECK UTILITY,1
ZQUALITY ASSURANCE,XQAQ,This is fulcrum for all the Quality Assurence Software.,2
ZRS1,ZRS1,FPDS REPORT CHANGES FOR 1990 ,0
ZRS2,ZRS2,Add new LOG transactions.,0
ZZTEST,ZZZZ,TEST,0
ZZVITALS,ZZRV,Vitals/Measurements Module of General Medical Record.,5
